timestamp,person,duration_seconds
2025-10-14T13:29:18.329383,affan,11
2025-10-14T13:29:20.183619,affan,1
2025-10-14T13:29:23.111154,affan,2
2025-10-14T13:29:25.344465,affan,1
2025-10-14T13:29:30.631967,affan,2
2025-10-14T13:29:35.239252,affan,0
2025-10-14T13:29:36.015844,affan,0
2025-10-14T13:29:37.367864,affan,0
2025-10-14T13:29:37.607422,affan,0
2025-10-14T13:29:47.604147,affan,9
2025-10-14T13:29:49.690929,affan,0
2025-10-14T13:29:50.292264,affan,0
2025-10-14T13:29:50.479402,affan,0
2025-10-14T13:29:50.863804,affan,0
2025-10-14T13:29:51.072010,affan,0
2025-10-14T13:29:51.374574,affan,0
2025-10-14T13:29:51.459660,affan,0
2025-10-14T13:29:52.164799,affan,0
2025-10-14T13:29:52.874440,affan,0
2025-10-14T13:30:04.134748,affan,0
2025-10-14T13:30:04.566143,affan,0
2025-10-14T13:30:04.661539,affan,0
2025-10-14T13:30:05.018309,affan,0
2025-10-14T13:30:05.090020,affan,0
2025-10-14T13:30:05.498025,affan,0
2025-10-14T13:30:05.653104,affan,0
2025-10-14T13:30:05.847738,affan,0
2025-10-14T13:30:05.897437,affan,0
2025-10-14T13:30:06.008505,affan,0
2025-10-14T13:30:06.101096,affan,0
2025-10-14T13:30:06.690135,affan,0
2025-10-14T13:30:07.044289,affan,0
2025-10-14T13:30:07.099372,affan,0
2025-10-14T13:30:07.203243,affan,0
2025-10-14T13:30:07.303828,affan,0
2025-10-14T13:30:07.430665,affan,0
2025-10-14T13:30:07.519192,affan,0
2025-10-14T13:30:08.561739,affan,0
2025-10-14T13:30:08.676593,affan,0
2025-10-14T13:30:08.808979,affan,0
2025-10-14T13:30:09.015202,affan,0
2025-10-14T13:30:09.308590,affan,0
2025-10-14T13:30:09.364524,affan,0
2025-10-14T13:30:09.575091,affan,0
2025-10-14T13:30:09.851081,affan,0
2025-10-14T13:30:09.947521,affan,0
2025-10-14T13:30:10.266690,affan,0
2025-10-14T13:30:10.341260,affan,0
2025-10-14T13:30:10.521046,affan,0
2025-10-14T13:30:10.618481,affan,0
2025-10-14T13:30:10.864895,affan,0
2025-10-14T13:30:11.119742,affan,0
2025-10-14T13:30:11.388397,affan,0
2025-10-14T13:30:11.478712,affan,0
2025-10-14T13:30:12.021790,affan,0
2025-10-14T13:30:12.145839,affan,0
2025-10-14T13:30:44.498012,affan,0
2025-10-14T13:30:44.636107,affan,0
2025-10-14T13:30:44.799577,affan,0
2025-10-14T13:30:45.021908,affan,0
2025-10-14T13:30:45.148485,affan,0
2025-10-14T13:30:45.444855,affan,0
2025-10-14T13:30:45.821282,affan,0
2025-10-14T13:30:51.603840,affan,5
2025-10-14T13:30:52.629949,affan,0
2025-10-14T13:31:17.004384,affan,24
2025-10-14T13:31:17.067345,affan,0
2025-10-14T13:31:17.150616,affan,0
2025-10-14T13:31:17.217592,affan,0
2025-10-14T13:31:17.534240,affan,0
2025-10-14T13:31:18.422630,affan,0
2025-10-14T13:31:18.665240,affan,0
2025-10-14T13:31:18.900516,affan,0
2025-10-14T13:31:31.558490,affan,12
2025-10-14T13:31:31.835767,affan,0
2025-10-14T13:31:31.901976,affan,0
2025-10-14T14:44:22.872737,pranav,0
2025-10-14T14:44:25.128150,pranav,0
2025-10-14T14:44:25.472052,pranav,0
2025-10-14T14:44:26.269124,pranav,0
2025-10-14T14:44:26.352013,pranav,0
2025-10-14T14:44:26.404003,pranav,0
2025-10-14T14:44:26.721355,pranav,0
2025-10-14T14:44:26.814069,pranav,0
2025-10-14T14:44:27.105108,pranav,0
2025-10-14T14:44:27.511032,pranav,0
2025-10-14T14:44:27.579145,pranav,0
2025-10-14T14:44:27.767742,pranav,0
2025-10-14T14:44:27.914596,pranav,0
2025-10-14T14:44:27.985087,pranav,0
2025-10-14T14:44:28.416048,pranav,0
2025-10-14T14:44:28.792273,pranav,0
2025-10-14T14:44:29.443620,pranav,0
2025-10-14T14:44:29.682218,pranav,0
2025-10-14T14:44:30.191108,pranav,0
2025-10-14T14:44:31.246433,pranav,0
2025-10-14T14:44:31.425248,pranav,0
2025-10-14T14:44:31.588911,pranav,0
2025-10-14T14:44:31.962617,pranav,0
2025-10-14T14:44:32.678597,pranav,0
2025-10-14T14:44:32.850102,pranav,0
2025-10-14T14:44:32.963474,pranav,0
2025-10-14T14:44:33.115371,pranav,0
2025-10-14T14:44:33.418697,pranav,0
2025-10-14T14:44:35.980436,pranav,0
2025-10-14T14:44:36.456876,pranav,0
2025-10-14T14:44:36.774595,pranav,0
2025-10-14T14:44:40.418404,pranav,0
2025-10-14T14:44:40.785554,pranav,0
2025-10-14T14:44:42.423676,pranav,0
2025-10-14T14:44:49.990904,pranav,4
2025-10-14T14:44:52.482142,pranav,2
2025-10-14T14:44:52.583335,pranav,0
2025-10-14T14:44:53.432898,pranav,0
2025-10-14T14:44:54.442240,pranav,0
2025-10-14T14:44:55.670692,pranav,1
2025-10-14T14:44:56.310427,pranav,0
2025-10-14T14:44:56.418669,pranav,0
2025-10-14T14:44:57.080932,pranav,0
2025-10-14T14:44:57.949058,affan,0
2025-10-14T14:44:58.182016,pranav,0
2025-10-14T14:44:58.231080,affan,0
2025-10-14T14:44:58.261112,pranav,0
2025-10-14T14:44:58.311125,affan,0
2025-10-14T14:44:58.993306,pranav,0
2025-10-14T14:44:59.714455,pranav,0
2025-10-14T14:44:59.743963,affan,0
2025-10-14T14:45:00.929460,affan,0
2025-10-14T14:45:02.508176,pranav,0
2025-10-14T14:45:02.608973,affan,0
2025-10-14T14:45:02.610989,pranav,0
2025-10-14T14:45:02.640710,Mayur,0
2025-10-14T14:45:02.749966,pranav,0
2025-10-14T14:45:02.792439,Mayur,0
2025-10-14T14:45:03.047401,pranav,0
2025-10-14T14:45:03.337922,pranav,0
2025-10-14T14:45:03.385785,Mayur,0
2025-10-14T14:45:03.416744,pranav,0
2025-10-14T14:45:04.816215,Mayur,1
2025-10-14T14:45:04.865486,pranav,0
2025-10-14T14:45:04.895391,Mayur,0
2025-10-14T14:45:04.920903,pranav,0
2025-10-14T14:45:04.993036,pranav,0
2025-10-14T14:45:05.208707,pranav,0
2025-10-14T14:45:05.302606,pranav,0
2025-10-14T14:45:06.486420,affan,0
2025-10-14T14:45:06.524857,pranav,0
2025-10-14T14:45:07.247253,pranav,0
2025-10-14T14:45:07.383814,pranav,0
2025-10-14T14:45:07.420596,affan,0
2025-10-14T14:45:07.548832,pranav,0
2025-10-14T14:45:07.673087,pranav,0
2025-10-14T14:45:07.784303,pranav,0
2025-10-14T14:45:07.912705,pranav,0
2025-10-14T14:45:07.973840,pranav,0
2025-10-14T14:45:33.950386,affan,0
2025-10-14T14:45:34.067353,affan,0
2025-10-14T14:45:35.115036,pranav,1
2025-10-14T14:45:35.284630,affan,1
2025-10-14T14:45:36.860095,pranav,1
2025-10-14T14:45:36.948193,pranav,0
2025-10-14T14:45:37.306414,pranav,0
2025-10-14T14:46:04.153520,shreya,4
2025-10-14T14:46:04.368387,shreya,0
2025-10-14T14:46:11.355169,pranav,0
2025-10-14T14:46:12.261897,pranav,0
2025-10-14T14:46:15.554646,pranav,0
2025-10-14T14:46:15.613494,pranav,0
2025-10-14T14:46:15.789606,pranav,0
2025-10-14T14:46:20.353540,pranav,0
2025-10-14T14:46:21.120046,pranav,0
2025-10-14T14:46:21.280857,pranav,0
2025-10-14T14:46:22.985269,pranav,0
2025-10-14T14:46:26.624780,pranav,0
2025-10-14T14:46:27.725069,pranav,0
2025-10-14T14:46:55.149830,pranav,0
2025-10-14T14:46:55.716904,pranav,0
2025-10-14T14:46:59.374232,affan,0
2025-10-14T14:47:00.148216,affan,0
2025-10-14T14:47:01.023054,pranav,0
2025-10-14T14:47:01.150340,affan,0
2025-10-14T14:47:01.196347,pranav,0
2025-10-14T14:47:01.282704,affan,0
2025-10-14T14:47:01.342196,pranav,0
2025-10-14T14:47:01.402804,affan,0
2025-10-14T14:47:01.651005,pranav,0
2025-10-14T14:47:01.702659,affan,0
2025-10-14T14:47:01.855394,pranav,0
2025-10-14T14:47:01.955607,affan,0
2025-10-14T14:47:02.075563,pranav,0
2025-10-14T14:47:02.193699,affan,0
2025-10-14T14:47:03.871393,affan,0
2025-10-14T14:47:04.265692,affan,0
2025-10-14T14:47:06.359855,pranav,4
2025-10-14T14:47:06.399364,affan,0
2025-10-14T14:47:06.433626,pranav,0
2025-10-14T14:47:06.462377,affan,0
2025-10-14T14:47:06.494985,pranav,0
2025-10-14T14:47:06.526533,affan,0
2025-10-14T14:47:06.979136,pranav,0
2025-10-14T14:47:07.154510,pranav,0
2025-10-14T14:47:07.186918,affan,0
2025-10-14T14:47:07.403239,pranav,0
2025-10-14T14:47:07.445598,affan,0
2025-10-14T14:47:07.515218,pranav,0
2025-10-14T14:47:07.550864,affan,0
2025-10-14T14:47:07.723267,pranav,0
2025-10-14T14:47:07.758203,affan,0
2025-10-14T14:47:08.641274,pranav,0
2025-10-14T14:47:08.992479,pranav,0
2025-10-14T14:47:09.135113,pranav,0
2025-10-14T14:47:09.388933,pranav,0
2025-10-14T14:47:09.462918,pranav,0
2025-10-14T14:47:09.614742,pranav,0
2025-10-14T14:47:09.845729,pranav,0
2025-10-14T14:47:09.905470,pranav,0
2025-10-14T14:47:10.640254,pranav,0
2025-10-14T14:47:10.929247,pranav,0
2025-10-14T14:47:11.249099,shreya,0
2025-10-14T14:47:11.897614,affan,0
2025-10-14T14:47:12.041958,affan,0
2025-10-14T14:47:12.057737,pranav,0
2025-10-14T14:47:12.266177,pranav,0
2025-10-14T14:47:12.383520,pranav,0
2025-10-14T14:47:12.500832,pranav,0
2025-10-14T14:47:12.795073,pranav,0
2025-10-14T14:47:13.027339,affan,0
2025-10-14T14:47:13.244250,pranav,0
2025-10-14T14:47:13.487761,pranav,0
2025-10-14T14:47:14.085459,affan,1
2025-10-14T14:47:14.475096,pranav,0
2025-10-14T14:47:16.913013,pranav,0
2025-10-14T14:47:17.017104,pranav,0
2025-10-14T14:47:17.155261,pranav,0
2025-10-14T14:47:17.685926,pranav,0
2025-10-14T14:47:17.822221,pranav,0
2025-10-14T14:47:18.137285,pranav,0
2025-10-14T14:47:19.178538,pranav,0
2025-10-14T14:47:19.244780,pranav,0
2025-10-14T14:47:19.336130,pranav,0
2025-10-14T14:47:19.472225,pranav,0
2025-10-14T14:47:19.571966,pranav,0
2025-10-14T14:47:19.925701,pranav,0
2025-10-14T14:47:20.919826,pranav,0
2025-10-14T14:47:21.198141,pranav,0
2025-10-14T14:47:22.093540,affan,3
2025-10-14T14:47:22.292034,affan,0
2025-10-14T14:47:22.492580,pranav,0
2025-10-14T14:47:23.163403,pranav,0
2025-10-14T14:47:23.250705,pranav,0
2025-10-14T14:47:24.572154,pranav,0
2025-10-14T14:47:24.883886,pranav,0
2025-10-14T14:47:24.937470,pranav,0
2025-10-14T14:47:25.342379,pranav,0
2025-10-14T14:47:25.499449,pranav,0
2025-10-14T14:47:26.728296,pranav,0
2025-10-14T14:47:26.858480,pranav,0
2025-10-14T14:47:26.990331,pranav,0
2025-10-14T14:47:27.164111,pranav,0
2025-10-14T14:47:27.502771,affan,0
2025-10-14T14:47:28.912747,pranav,1
2025-10-14T14:47:29.043214,pranav,0
2025-10-14T14:47:32.393519,pranav,1
2025-10-14T14:47:32.549739,pranav,0
2025-10-14T14:47:33.759923,affan,0
2025-10-14T14:47:34.105459,pranav,0
2025-10-14T14:47:34.433524,pranav,0
2025-10-14T14:47:35.419906,pranav,0
2025-10-14T14:48:34.503253,pranav,59
2025-10-14T14:48:35.547821,pranav,0
2025-10-14T14:48:36.159156,shreya,0
2025-10-14T14:48:38.560714,shreya,2
2025-10-14T14:48:38.666462,shreya,0
2025-10-14T14:48:38.762710,shreya,0
2025-10-14T14:48:41.019370,Mayur,0
2025-10-14T14:48:41.212851,pranav,0
2025-10-14T14:48:41.709255,pranav,0
2025-10-14T14:48:41.743908,shreya,0
2025-10-14T14:48:41.776800,pranav,0
2025-10-14T14:48:43.265560,pranav,0
2025-10-14T14:48:44.669860,pranav,1
2025-10-14T14:48:44.763633,pranav,0
2025-10-14T14:48:45.128657,pranav,0
2025-10-14T14:48:45.332066,pranav,0
2025-10-14T14:48:45.749207,pranav,0
2025-10-14T14:48:50.031202,pranav,0
2025-10-14T14:48:50.110375,pranav,0
2025-10-14T14:48:50.790648,pranav,0
2025-10-14T14:48:51.655607,pranav,0
2025-10-14T14:48:54.565597,affan,0
2025-10-14T14:48:59.279020,affan,1
2025-10-14T14:49:03.939619,pranav,0
2025-10-14T14:49:04.013233,pranav,0
2025-10-14T14:49:04.341743,pranav,0
2025-10-14T14:49:05.716237,pranav,0
2025-10-14T14:49:05.819030,pranav,0
2025-10-14T14:49:06.209328,pranav,0
2025-10-14T15:00:28.405371,pranav,0
2025-10-14T15:00:29.638165,pranav,0
2025-10-14T15:00:29.731116,pranav,0
2025-10-14T15:00:40.903508,Mayur,0
2025-10-14T15:00:41.230657,Mayur,0
2025-10-14T15:00:41.355211,Mayur,0
2025-10-14T15:01:18.693812,aditya,15
2025-10-14T15:01:18.770467,aditya,0
2025-10-14T15:01:18.844914,aditya,0
2025-10-14T15:01:18.927336,aditya,0
2025-10-14T15:01:19.079918,aditya,0
2025-10-14T15:01:19.267412,aditya,0
2025-10-14T15:01:19.446837,affan,0
2025-10-14T15:01:19.537988,affan,0
2025-10-14T15:01:19.588527,affan,0
2025-10-14T15:01:19.674995,affan,0
2025-10-14T15:01:20.856851,affan,0
2025-10-14T15:01:20.887369,Mayur,0
2025-10-14T15:01:21.215739,affan,0
2025-10-14T15:01:21.245679,Mayur,0
2025-10-14T15:01:21.456254,affan,0
2025-10-14T15:01:21.483850,Mayur,0
2025-10-14T15:01:21.827727,affan,0
2025-10-14T15:01:21.857863,pranav,0
2025-10-14T15:01:22.869627,pranav,0
2025-10-14T15:01:23.233446,affan,0
2025-10-14T15:01:23.290887,Mayur,0
2025-10-14T15:01:23.386185,affan,0
2025-10-14T15:01:23.415142,Mayur,0
2025-10-14T15:01:23.824856,affan,0
2025-10-14T15:01:23.948043,pranav,0
2025-10-14T15:01:24.122138,affan,0
2025-10-14T15:01:25.232497,pranav,1
2025-10-14T15:01:25.273280,affan,0
2025-10-14T15:01:25.361879,pranav,0
2025-10-14T15:01:26.024195,affan,0
2025-10-14T15:01:26.093346,pranav,0
2025-10-14T15:01:26.120440,affan,0
2025-10-14T15:01:26.151050,pranav,0
2025-10-14T15:01:26.311826,affan,0
2025-10-14T15:01:26.363658,pranav,0
2025-10-14T15:01:27.218378,affan,0
2025-10-14T15:01:27.464451,pranav,0
2025-10-14T15:01:27.524143,pranav,0
2025-10-14T15:01:27.633454,pranav,0
2025-10-14T15:01:27.700639,pranav,0
2025-10-14T15:01:27.792791,pranav,0
2025-10-14T15:01:27.905496,pranav,0
2025-10-14T15:01:27.966508,pranav,0
2025-10-14T15:01:28.927307,pranav,0
2025-10-14T15:32:49.039619,pranav,0
2025-10-14T15:32:49.107402,pranav,0
2025-10-14T15:32:49.902877,pranav,0
2025-10-14T15:33:00.084915,pranav,2
2025-10-14T15:33:00.926208,pranav,0
2025-10-14T15:33:01.000773,pranav,0
2025-10-14T15:33:01.448850,pranav,0
2025-10-14T15:33:01.547403,pranav,0
2025-10-14T15:33:04.147054,pranav,2
2025-10-14T15:33:04.178532,affan,0
2025-10-14T15:33:04.208982,pranav,0
2025-10-14T15:33:04.325867,affan,0
2025-10-14T15:33:04.568609,pranav,0
2025-10-14T15:33:04.633560,affan,0
2025-10-14T15:33:04.695536,pranav,0
2025-10-14T15:33:04.901379,affan,0
2025-10-14T15:33:04.947011,pranav,0
2025-10-14T15:33:05.218948,pranav,0
2025-10-14T15:33:05.786918,pranav,0
2025-10-14T15:33:06.054084,pranav,0
2025-10-14T15:33:06.108335,pranav,0
2025-10-14T15:33:06.505323,pranav,0
2025-10-14T15:33:06.865454,pranav,0
2025-10-14T15:33:07.022781,pranav,0
2025-10-14T15:33:07.323062,pranav,0
2025-10-14T15:33:07.492259,pranav,0
2025-10-14T15:33:07.594866,pranav,0
2025-10-14T15:33:07.731860,pranav,0
2025-10-14T15:33:07.844947,pranav,0
2025-10-14T15:33:07.940377,pranav,0
2025-10-14T15:33:08.511762,pranav,0
2025-10-14T15:33:08.673521,pranav,0
2025-10-14T15:33:08.934028,pranav,0
2025-10-14T15:33:11.267905,pranav,0
2025-10-14T15:33:11.790157,pranav,0
2025-10-14T15:33:13.489058,pranav,0
2025-10-14T15:33:13.801776,pranav,0
2025-10-14T15:33:14.129148,pranav,0
2025-10-14T15:33:14.688768,pranav,0
2025-10-14T15:33:14.788752,aditya,0
2025-10-14T15:33:16.205763,aditya,0
2025-10-14T15:33:16.663634,aditya,0
2025-10-14T15:33:16.969946,aditya,0
2025-10-14T15:33:19.053105,pranav,0
2025-10-14T15:33:19.914970,pranav,0
2025-10-14T15:33:19.980982,pranav,0
2025-10-14T15:33:20.038261,pranav,0
2025-10-14T15:33:20.150893,aditya,0
2025-10-14T15:33:20.190012,pranav,0
2025-10-14T15:33:20.256492,aditya,0
2025-10-14T15:33:20.382082,pranav,0
2025-10-14T15:33:20.460582,aditya,0
2025-10-14T15:33:20.489825,pranav,0
2025-10-14T15:33:20.549465,aditya,0
2025-10-14T15:33:20.810991,pranav,0
2025-10-14T15:33:22.423122,pranav,0
2025-10-14T15:33:26.697650,pranav,0
2025-10-14T15:33:26.972231,pranav,0
2025-10-14T15:33:27.335172,pranav,0
2025-10-14T15:33:27.677291,pranav,0
2025-10-14T15:33:27.984708,pranav,0
2025-10-14T15:33:28.102760,pranav,0
2025-10-14T15:33:28.199906,pranav,0
2025-10-14T15:33:33.987232,pranav,0
2025-10-14T15:33:36.261258,affan,0
2025-10-14T15:33:48.725928,pranav,0
2025-10-14T15:33:54.323572,pranav,0
2025-10-14T15:33:55.400221,pranav,0
2025-10-14T15:34:02.573208,pranav,0
2025-10-14T15:34:02.669672,pranav,0
2025-10-14T15:34:02.855987,pranav,0
2025-10-14T15:34:34.937343,pranav,0
2025-10-14T15:34:52.663288,pranav,0
2025-10-14T15:35:07.165045,pranav,2
2025-10-14T15:35:07.282553,pranav,0
2025-10-14T15:35:07.900445,shreya,0
2025-10-14T15:35:10.605744,pranav,0
2025-10-14T15:35:10.687439,pranav,0
2025-10-14T15:35:10.791103,pranav,0
2025-10-14T15:35:10.862726,pranav,0
2025-10-14T15:35:11.588726,pranav,0
2025-10-14T15:35:12.427763,pranav,0
2025-10-14T15:35:13.286470,pranav,0
2025-10-14T15:35:13.425020,pranav,0
2025-10-14T15:35:13.608664,pranav,0
2025-10-14T15:35:14.634847,pranav,0
2025-10-14T15:35:20.685606,affan,0
2025-10-14T15:35:20.949306,pranav,0
2025-10-14T15:35:20.982871,affan,0
2025-10-14T15:35:21.026265,pranav,0
2025-10-14T15:35:22.135684,affan,0
2025-10-14T15:35:22.550603,affan,0
2025-10-14T15:35:22.615863,affan,0
2025-10-14T15:35:22.880865,affan,0
2025-10-14T17:21:53.264323,affan,8
2025-10-14T17:21:53.663267,pranav,0
2025-10-14T17:21:53.746484,affan,0
2025-10-14T17:21:57.837021,Mayur,0
2025-10-14T17:21:58.030658,Mayur,0
2025-10-14T17:21:58.090088,Mayur,0
2025-10-14T17:21:58.212196,Mayur,0
2025-10-14T17:21:58.372618,Mayur,0
2025-10-14T17:21:58.611783,Mayur,0
2025-10-14T17:21:58.976175,Mayur,0
2025-10-14T17:21:59.363480,Mayur,0
2025-10-14T17:21:59.514956,Mayur,0
2025-10-14T17:21:59.730061,Mayur,0
2025-10-14T17:21:59.877919,Mayur,0
2025-10-14T17:21:59.987650,Mayur,0
2025-10-14T17:22:00.075393,Mayur,0
2025-10-14T17:22:00.423212,Mayur,0
2025-10-14T17:22:00.655115,Mayur,0
2025-10-14T17:22:00.726241,Mayur,0
2025-10-14T17:22:00.876559,Mayur,0
2025-10-14T17:22:01.082671,Mayur,0
2025-10-14T17:22:01.277018,Mayur,0
2025-10-14T17:22:03.609087,Mayur,1
2025-10-14T17:22:03.749985,Mayur,0
2025-10-14T17:22:04.026885,Mayur,0
2025-10-14T17:22:04.287427,Mayur,0
2025-10-14T17:22:04.387556,Mayur,0
2025-10-14T17:22:12.024480,Mayur,0
2025-10-14T17:22:12.132475,Mayur,0
2025-10-14T17:22:12.219913,Mayur,0
2025-10-14T17:22:12.408713,Mayur,0
2025-10-14T17:22:12.572780,Mayur,0
2025-10-14T17:22:12.961138,Mayur,0
2025-10-14T17:22:14.125286,Mayur,1
2025-10-14T17:22:14.215646,Mayur,0
2025-10-14T17:22:15.926312,Mayur,0
2025-10-14T17:22:19.380574,Mayur,0
2025-10-14T17:22:20.326686,Mayur,0
2025-10-14T17:22:21.868092,Mayur,1
2025-10-14T17:22:34.115290,abdulwahhab,0
2025-10-14T17:22:34.328308,abdulwahhab,0
2025-10-14T17:22:34.457492,abdulwahhab,0
2025-10-14T17:22:35.001143,abdulwahhab,0
2025-10-14T17:22:35.047219,abdulwahhab,0
2025-10-14T17:22:39.922172,abdulwahhab,0
2025-10-14T17:22:40.035780,pranav,0
2025-10-14T17:22:40.227762,affan,0
2025-10-14T17:22:41.471511,abdulwahhab,1
2025-10-14T17:22:41.563736,abdulwahhab,0
2025-10-14T17:22:41.945630,pranav,1
2025-10-14T17:22:42.091785,pranav,0
2025-10-14T17:22:42.429844,abdulwahhab,0
2025-10-14T17:22:42.472205,pranav,0
2025-10-14T17:22:42.584046,abdulwahhab,0
2025-10-14T17:22:42.631703,affan,0
2025-10-14T17:22:42.644883,pranav,0
2025-10-14T17:22:42.848853,affan,0
2025-10-14T17:22:42.889347,pranav,0
2025-10-14T17:22:43.262776,affan,0
2025-10-14T17:22:43.558098,abdulwahhab,0
2025-10-14T17:22:43.789954,abdulwahhab,0
2025-10-14T17:22:43.791498,pranav,0
2025-10-14T17:22:43.865042,abdulwahhab,0
2025-10-14T17:22:43.865042,affan,0
2025-10-14T17:22:43.939203,affan,0
2025-10-14T17:22:43.963404,pranav,0
2025-10-14T17:22:44.020619,affan,0
2025-10-14T17:22:44.114624,abdulwahhab,0
2025-10-14T17:22:44.264384,affan,0
2025-10-14T17:22:44.379377,abdulwahhab,0
2025-10-14T17:22:44.379377,affan,0
2025-10-14T17:22:44.406169,pranav,0
2025-10-14T17:22:44.455635,abdulwahhab,0
2025-10-14T17:22:44.640731,affan,0
2025-10-14T17:22:44.686508,abdulwahhab,0
2025-10-14T17:22:44.775775,pranav,0
2025-10-14T17:22:44.892683,affan,0
2025-10-14T17:22:44.915177,abdulwahhab,0
2025-10-14T17:22:44.938353,affan,0
2025-10-14T17:22:45.027043,abdulwahhab,0
2025-10-14T17:22:45.106005,abdulwahhab,0
2025-10-14T17:22:45.155942,abdulwahhab,0
2025-10-14T17:22:45.155942,pranav,0
2025-10-14T17:22:45.228479,abdulwahhab,0
2025-10-14T17:22:45.258857,pranav,0
2025-10-14T17:22:45.291111,abdulwahhab,0
2025-10-14T17:22:45.487576,abdulwahhab,0
2025-10-14T17:22:45.589304,pranav,0
2025-10-14T17:22:45.636168,pranav,0
2025-10-14T17:22:45.799442,pranav,0
2025-10-14T17:22:45.927940,pranav,0
2025-10-14T17:22:46.069149,pranav,0
2025-10-14T17:22:46.146619,pranav,0
2025-10-14T17:22:47.151975,affan,0
2025-10-14T17:22:47.715312,affan,0
2025-10-14T17:22:47.775802,pranav,0
2025-10-14T17:22:47.805120,affan,0
2025-10-14T17:22:48.464648,affan,0
2025-10-14T17:22:48.536992,affan,0
2025-10-14T17:22:48.626021,affan,0
2025-10-14T17:22:48.706420,affan,0
2025-10-14T17:22:51.460462,abdulwahhab,1
2025-10-14T17:22:51.575156,abdulwahhab,0
2025-10-14T17:22:51.646526,abdulwahhab,0
2025-10-14T17:22:51.776966,abdulwahhab,0
2025-10-14T17:22:51.836330,abdulwahhab,0
2025-10-14T17:22:51.957618,abdulwahhab,0
2025-10-14T17:22:52.373004,abdulwahhab,0
2025-10-14T17:22:52.514046,abdulwahhab,0
2025-10-14T17:22:52.590659,abdulwahhab,0
2025-10-14T17:22:52.727535,abdulwahhab,0
2025-10-14T17:22:53.395019,abdulwahhab,0
2025-10-14T17:22:53.498973,abdulwahhab,0
2025-10-14T17:22:53.716576,abdulwahhab,0
2025-10-14T17:22:54.070523,abdulwahhab,0
2025-10-14T17:22:54.717486,abdulwahhab,0
2025-10-14T17:22:55.547798,abdulwahhab,0
2025-10-14T17:22:57.475125,abdulwahhab,0
2025-10-14T17:22:57.823626,abdulwahhab,0
2025-10-14T17:22:57.953773,abdulwahhab,0
2025-10-14T17:22:58.042386,abdulwahhab,0
2025-10-14T17:22:58.124251,abdulwahhab,0
2025-10-14T17:22:58.452095,abdulwahhab,0
2025-10-14T17:22:58.565213,abdulwahhab,0
2025-10-14T17:22:58.625757,abdulwahhab,0
2025-10-14T17:22:58.760096,abdulwahhab,0
2025-10-14T17:23:00.300790,affan,0
2025-10-14T17:23:02.935027,affan,2
2025-10-14T17:23:13.390372,abdulwahhab,0
2025-10-14T17:23:13.484415,abdulwahhab,0
2025-10-14T17:23:13.547311,abdulwahhab,0
2025-10-14T17:23:13.951665,abdulwahhab,0
2025-10-14T17:23:14.005923,abdulwahhab,0
2025-10-14T17:23:14.199219,abdulwahhab,0
2025-10-14T17:23:14.404910,abdulwahhab,0
2025-10-14T17:23:14.463352,abdulwahhab,0
2025-10-14T17:23:16.370818,abdulwahhab,0
2025-10-14T17:23:16.713340,abdulwahhab,0
2025-10-14T17:23:17.998025,abdulwahhab,1
2025-10-14T17:23:18.217809,abdulwahhab,0
2025-10-14T17:23:19.086734,abdulwahhab,0
2025-10-14T17:23:19.672348,abdulwahhab,0
2025-10-14T17:23:20.255931,abdulwahhab,0
2025-10-14T17:23:20.363273,abdulwahhab,0
2025-10-14T17:23:20.464398,abdulwahhab,0
2025-10-14T17:23:20.531224,abdulwahhab,0
2025-10-14T17:23:20.986652,abdulwahhab,0
2025-10-14T17:23:21.166006,abdulwahhab,0
2025-10-14T17:23:21.303218,abdulwahhab,0
2025-10-14T17:23:21.418433,abdulwahhab,0
2025-10-14T17:23:21.893141,abdulwahhab,0
2025-10-14T17:23:22.054537,abdulwahhab,0
2025-10-14T17:23:22.191988,abdulwahhab,0
2025-10-14T17:23:22.238757,abdulwahhab,0
2025-10-14T17:23:22.334846,abdulwahhab,0
2025-10-14T17:23:22.438407,abdulwahhab,0
2025-10-14T17:23:22.677135,abdulwahhab,0
2025-10-14T17:23:22.789008,abdulwahhab,0
2025-10-14T17:23:22.850759,abdulwahhab,0
2025-10-14T17:23:25.998497,affan,23
2025-10-14T17:23:26.130810,pranav,0
2025-10-14T17:23:26.832607,pranav,0
2025-10-14T17:23:26.977744,pranav,0
2025-10-14T17:23:27.109499,pranav,0
2025-10-14T17:23:27.246865,pranav,0
2025-10-14T17:23:27.555724,affan,0
2025-10-14T17:23:27.613734,pranav,0
2025-10-14T17:23:27.913371,affan,0
2025-10-14T17:23:27.978268,affan,0
2025-10-14T17:23:28.049964,Mayur,0
2025-10-14T17:23:28.071911,affan,0
2025-10-14T17:23:28.315973,affan,0
2025-10-14T17:23:29.144331,pranav,0
2025-10-14T17:23:29.943069,abdulwahhab,0
2025-10-14T17:23:30.265716,abdulwahhab,0
2025-10-14T17:23:32.863052,abdulwahhab,0
2025-10-14T17:23:32.935785,abdulwahhab,0
2025-10-14T17:23:33.208437,abdulwahhab,0
2025-10-14T17:23:33.948986,abdulwahhab,0
2025-10-14T17:23:34.089855,abdulwahhab,0
2025-10-14T17:23:34.288350,abdulwahhab,0
2025-10-14T17:23:34.514696,abdulwahhab,0
2025-10-14T17:23:34.823760,abdulwahhab,0
2025-10-14T17:23:35.359808,abdulwahhab,0
2025-10-14T17:23:35.623490,abdulwahhab,0
2025-10-14T17:23:36.122773,abdulwahhab,0
2025-10-14T17:23:36.213095,abdulwahhab,0
2025-10-14T17:23:36.324047,abdulwahhab,0
2025-10-14T17:23:36.385953,abdulwahhab,0
2025-10-14T17:23:36.461260,abdulwahhab,0
2025-10-14T17:23:36.653852,abdulwahhab,0
2025-10-14T17:23:36.942186,abdulwahhab,0
2025-10-14T17:23:37.124499,abdulwahhab,0
2025-10-14T17:23:37.329404,abdulwahhab,0
2025-10-14T17:23:37.396953,abdulwahhab,0
2025-10-14T17:23:37.597185,abdulwahhab,0
2025-10-14T17:23:37.698339,abdulwahhab,0
2025-10-14T17:23:38.394389,abdulwahhab,0
2025-10-14T17:23:40.150533,affan,11
2025-10-14T17:23:40.817531,pranav,0
2025-10-14T17:23:40.845562,affan,0
2025-10-14T17:23:40.880616,pranav,0
2025-10-14T17:23:40.948875,affan,0
2025-10-14T17:23:40.997425,abdulwahhab,0
2025-10-14T17:23:41.073740,pranav,0
2025-10-14T17:23:41.101694,abdulwahhab,0
2025-10-14T17:23:46.769938,abdulwahhab,0
2025-10-14T17:23:47.623047,affan,6
2025-10-14T17:23:47.657898,Mayur,0
2025-10-14T17:23:48.296773,abdulwahhab,0
2025-10-14T17:23:49.421544,abdulwahhab,0
2025-10-14T17:23:50.324641,Mayur,0
2025-10-14T17:23:50.395251,Mayur,0
2025-10-14T17:23:50.568967,Mayur,0
2025-10-14T17:23:50.692499,Mayur,0
2025-10-14T17:23:50.789739,Mayur,0
2025-10-14T17:23:51.245598,Mayur,0
2025-10-14T17:23:51.341605,Mayur,0
2025-10-14T17:23:51.704605,Mayur,0
2025-10-14T17:23:51.832793,Mayur,0
2025-10-14T17:23:51.897918,Mayur,0
2025-10-14T17:23:51.992025,Mayur,0
2025-10-14T17:23:52.493083,Mayur,0
2025-10-14T17:23:52.871660,Mayur,0
2025-10-14T17:23:53.003245,Mayur,0
2025-10-14T17:23:53.175329,Mayur,0
2025-10-14T17:23:53.914677,pranav,0
2025-10-14T17:24:45.574094,affan,57
2025-10-14T17:24:45.604128,pranav,0
2025-10-14T17:24:47.114313,affan,0
2025-10-14T17:24:57.081457,pranav,0
2025-10-14T17:24:57.266505,affan,0
2025-10-14T17:25:00.179543,affan,1
2025-10-14T17:25:01.761007,affan,1
2025-10-14T17:25:03.247755,affan,0
2025-10-14T17:25:04.201380,pranav,0
2025-10-14T17:25:04.421087,affan,0
2025-10-14T17:25:04.488408,affan,0
2025-10-14T17:25:05.427092,affan,0
2025-10-14T17:25:05.457718,pranav,0
2025-10-14T17:25:05.554502,pranav,0
2025-10-14T17:25:06.696246,pranav,0
2025-10-14T17:25:06.866791,affan,0
2025-10-14T17:25:09.209548,affan,0
2025-10-14T17:25:09.239466,pranav,0
2025-10-14T17:25:09.906996,pranav,0
2025-10-14T17:25:09.975091,affan,0
2025-10-14T17:25:10.040573,affan,0
2025-10-14T17:25:11.909014,affan,0
2025-10-14T17:25:13.746160,affan,1
2025-10-14T17:25:22.195957,affan,8
2025-10-14T17:25:24.070106,affan,1
2025-10-14T17:25:24.170250,affan,0
2025-10-14T17:25:31.122683,affan,0
2025-10-14T17:25:31.853974,affan,0
2025-10-14T17:25:31.914334,affan,0
2025-10-14T17:25:32.292634,affan,0
2025-10-14T17:25:33.259076,affan,0
2025-10-14T17:25:33.464153,affan,0
2025-10-14T17:25:33.536436,affan,0
2025-10-14T17:25:33.704945,affan,0
2025-10-14T17:25:33.822273,affan,0
2025-10-14T17:25:33.899465,affan,0
2025-10-14T17:25:34.197378,affan,0
2025-10-14T17:25:34.308906,affan,0
2025-10-14T17:25:34.861446,affan,0
2025-10-14T17:25:34.954040,affan,0
2025-10-14T17:25:35.068600,affan,0
2025-10-14T17:25:35.995524,affan,0
2025-10-14T17:25:38.347432,affan,0
2025-10-14T17:25:39.398013,affan,0
2025-10-14T17:25:40.192886,affan,0
2025-10-14T17:25:40.350395,affan,0
2025-10-14T17:25:40.609095,affan,0
2025-10-14T17:25:40.749077,affan,0
2025-10-14T17:25:41.155727,affan,0
2025-10-14T17:25:41.237648,affan,0
2025-10-14T17:25:41.298615,affan,0
2025-10-14T17:25:41.583755,affan,0
2025-10-14T17:25:41.706503,affan,0
2025-10-14T17:25:42.879286,affan,0
2025-10-14T17:25:42.961719,affan,0
2025-10-14T17:25:44.629853,affan,1
2025-10-14T17:25:53.996249,affan,0
2025-10-14T17:25:54.016494,pranav,0
2025-10-14T17:25:57.047842,pranav,0
2025-10-14T17:25:58.287308,affan,1
2025-10-14T17:26:01.290458,affan,0
2025-10-14T17:26:01.570999,affan,0
2025-10-14T17:26:01.811782,affan,0
2025-10-14T17:26:01.883758,affan,0
2025-10-14T17:26:03.121986,pranav,0
2025-10-14T17:26:03.758818,pranav,0
2025-10-14T17:26:04.330358,affan,0
2025-10-14T17:26:04.462879,affan,0
2025-10-14T17:26:04.513425,affan,0
2025-10-14T17:26:05.348857,affan,0
2025-10-14T17:26:05.491408,affan,0
2025-10-14T17:26:06.109135,affan,0
2025-10-14T17:26:06.822233,affan,0
2025-10-14T17:26:07.347774,affan,0
2025-10-14T17:26:07.431896,affan,0
2025-10-14T17:26:07.611835,affan,0
2025-10-14T17:26:07.824025,affan,0
2025-10-14T17:26:08.124271,affan,0
2025-10-14T17:26:08.198707,affan,0
2025-10-14T17:26:08.767758,affan,0
2025-10-14T17:26:08.821398,affan,0
2025-10-14T17:26:09.084887,affan,0
2025-10-14T17:26:09.786664,affan,0
2025-10-14T17:26:09.915813,affan,0
2025-10-14T17:26:10.018186,affan,0
2025-10-14T17:26:10.154171,affan,0
2025-10-14T17:26:10.327199,affan,0
2025-10-14T17:26:10.516497,affan,0
2025-10-14T17:26:10.618771,affan,0
2025-10-14T17:26:10.842740,affan,0
2025-10-14T17:26:11.085467,affan,0
2025-10-14T17:26:11.152203,affan,0
2025-10-14T17:26:11.251438,affan,0
2025-10-14T17:26:11.507794,affan,0
2025-10-14T17:26:11.629446,affan,0
2025-10-14T17:26:11.798550,affan,0
2025-10-14T17:26:12.092978,affan,0
2025-10-14T17:26:12.398734,affan,0
2025-10-14T17:26:12.524776,affan,0
2025-10-14T17:26:12.735043,affan,0
2025-10-14T17:26:13.375323,affan,0
2025-10-14T17:26:13.467726,affan,0
2025-10-14T17:26:13.593771,affan,0
2025-10-14T17:26:13.660030,affan,0
2025-10-14T17:26:13.771317,affan,0
2025-10-14T17:26:16.224722,affan,2
2025-10-14T17:26:20.197555,affan,3
2025-10-14T17:26:24.561408,pranav,4
2025-10-14T17:26:27.224717,pranav,0
2025-10-14T17:26:27.600887,affan,0
2025-10-14T17:26:28.633506,affan,0
2025-10-14T17:26:28.698238,affan,0
2025-10-14T17:26:29.097094,affan,0
2025-10-14T17:26:29.185012,affan,0
2025-10-14T17:26:29.456541,affan,0
2025-10-14T17:26:29.487545,pranav,0
2025-10-14T17:26:29.514556,affan,0
2025-10-14T17:26:29.683439,pranav,0
2025-10-14T17:26:29.851337,pranav,0
2025-10-14T17:26:31.216902,pranav,0
2025-10-14T17:26:31.460527,Mayur,0
2025-10-14T17:26:31.663409,Mayur,0
2025-10-14T17:26:32.334606,Mayur,0
2025-10-14T17:26:32.363391,pranav,0
2025-10-14T17:26:40.910285,pranav,7
2025-10-14T17:26:46.332713,pranav,1
2025-10-14T17:26:46.376000,pranav,0
2025-10-14T17:26:50.977367,pranav,0
2025-10-14T17:26:51.071138,Mayur,0
2025-10-14T17:26:51.226590,affan,0
2025-10-14T17:26:51.262801,Mayur,0
2025-10-14T17:26:51.461661,affan,0
2025-10-14T17:26:51.534820,Mayur,0
2025-10-14T17:26:51.554577,affan,0
2025-10-14T17:26:51.584176,Mayur,0
2025-10-14T17:26:51.636065,affan,0
2025-10-14T17:26:51.707102,Mayur,0
2025-10-14T17:26:51.743799,affan,0
2025-10-14T17:26:51.876497,Mayur,0
2025-10-14T17:26:53.209750,pranav,1
2025-10-14T17:26:53.251172,Mayur,0
2025-10-14T17:26:53.299510,pranav,0
2025-10-14T17:26:53.354274,Mayur,0
2025-10-14T17:26:53.783351,pranav,0
2025-10-14T17:26:58.127762,pranav,0
2025-10-14T17:26:59.218424,pranav,1
2025-10-14T17:27:00.067790,Mayur,0
2025-10-14T17:27:05.848028,pranav,0
2025-10-14T17:27:06.017856,pranav,0
2025-10-14T17:27:06.145301,pranav,0
2025-10-14T17:27:06.648488,pranav,0
2025-10-14T17:27:10.923062,pranav,4
2025-10-14T17:27:12.402879,affan,1
2025-10-14T17:27:12.486669,pranav,0
2025-10-14T17:27:13.033584,pranav,0
2025-10-14T17:27:17.564963,affan,4
2025-10-14T17:27:17.604758,pranav,0
2025-10-14T17:27:18.683090,pranav,0
2025-10-27T22:35:58.713801,shreya,0
2025-10-27T22:35:59.356069,shreya,0
2025-10-27T22:35:59.948080,shreya,0
2025-10-27T22:36:01.287126,shreya,0
2025-10-27T22:36:02.328145,shreya,0
2025-10-27T22:36:02.393633,shreya,0
2025-10-27T22:36:02.981760,shreya,0
2025-10-27T22:36:03.052006,shreya,0
2025-10-27T22:36:03.191997,shreya,0
2025-10-27T22:36:03.254715,shreya,0
2025-10-27T22:36:03.319287,shreya,0
2025-10-27T22:36:03.526060,shreya,0
2025-10-27T22:36:03.708624,shreya,0
2025-10-27T22:36:03.895857,shreya,0
2025-10-27T22:36:04.202191,shreya,0
2025-10-27T22:36:04.359750,shreya,0
2025-10-27T22:36:04.825809,shreya,0
2025-10-27T22:36:04.975415,shreya,0
2025-10-27T22:36:05.275864,shreya,0
2025-10-27T22:36:05.708766,shreya,0
2025-10-27T22:36:05.754304,pranav,0
2025-10-27T22:36:05.790301,shreya,0
2025-10-27T22:36:05.938599,shreya,0
2025-10-27T22:36:05.971154,pranav,0
2025-10-27T22:36:06.036690,shreya,0
2025-10-27T22:36:06.108840,shreya,0
2025-10-27T22:36:06.265924,shreya,0
2025-10-27T22:36:06.297932,pranav,0
2025-10-27T22:36:06.362481,shreya,0
2025-10-27T22:36:06.504313,shreya,0
2025-10-27T22:36:06.665232,pranav,0
2025-10-27T22:36:06.697262,shreya,0
2025-10-27T22:36:06.843710,pranav,0
2025-10-27T22:36:06.919310,shreya,0
2025-10-27T22:36:09.847335,Mayur,2
2025-10-27T22:36:11.757748,fatima,1
2025-10-27T22:36:15.957950,affan,3
2025-10-27T22:36:21.240796,fatima,4
2025-10-27T22:36:21.391490,fatima,0
2025-10-27T22:36:22.990420,fatima,0
2025-11-08T10:45:03.901030,affan,0
2025-11-08T10:45:04.278154,affan,0
2025-11-08T10:45:04.978139,affan,0
2025-11-08T10:45:05.040519,affan,0
2025-11-08T10:45:05.256707,affan,0
2025-11-08T10:45:05.316578,affan,0
2025-11-08T10:45:05.410115,affan,0
2025-11-08T10:45:05.692131,affan,0
2025-11-08T10:45:06.337004,affan,0
2025-11-08T10:45:06.430379,affan,0
2025-11-08T10:45:07.252991,affan,0
2025-11-08T10:45:07.345671,affan,0
2025-11-08T10:45:07.559307,affan,0
2025-11-08T10:45:12.409361,affan,4
2025-11-08T10:45:40.501560,affan,0
2025-11-08T10:45:48.376279,affan,0
2025-11-08T10:45:48.500168,affan,0
2025-11-08T10:45:48.573479,affan,0
2025-11-08T10:45:49.337516,affan,0
2025-11-08T10:45:50.413076,affan,1
2025-11-08T10:45:50.507052,affan,0
2025-11-08T10:45:50.774548,affan,0
2025-11-08T10:45:50.842430,affan,0
2025-11-08T10:45:51.015187,affan,0
2025-11-08T10:45:52.127685,affan,0
2025-11-08T10:45:52.895516,affan,0
2025-11-08T10:45:53.010054,affan,0
2025-11-08T10:45:53.107843,affan,0
2025-11-08T10:45:53.264688,affan,0
2025-11-08T10:45:53.745772,affan,0
2025-11-08T10:45:54.634285,affan,0
2025-11-08T10:46:07.028178,affan,0
2025-11-08T10:46:07.520257,affan,0
2025-11-08T10:46:07.720080,affan,0
2025-11-08T10:46:28.535810,affan,5
2025-11-08T10:46:31.711246,affan,0
2025-11-08T10:46:31.832324,affan,0
2025-11-08T10:46:33.594884,affan,1
2025-11-08T10:46:34.131886,affan,0
2025-11-08T10:46:36.701568,affan,2
2025-11-08T10:46:37.770981,affan,0
2025-11-08T10:46:41.143183,affan,0
2025-11-08T10:46:43.394248,affan,0
2025-11-08T10:46:48.787561,affan,2
2025-11-08T10:46:48.902499,affan,0
2025-11-08T10:46:49.281676,affan,0
2025-11-08T10:46:49.436402,affan,0
2025-11-08T10:46:49.493453,affan,0
2025-11-08T10:46:50.136115,affan,0
2025-11-08T10:46:51.864682,affan,1
2025-11-08T10:46:55.112634,affan,2
2025-11-08T10:46:55.352156,affan,0
2025-11-08T10:46:55.653034,affan,0
2025-11-08T10:47:16.377970,abbu,1
2025-11-08T10:47:16.407702,abbu,0
2025-11-08T10:47:16.435741,abbu,0
2025-11-08T10:47:19.119473,affan,2
2025-11-08T10:47:22.280572,affan,1
2025-11-08T10:47:23.130383,abbu,0
2025-11-08T10:47:23.281492,abbu,0
2025-11-08T10:47:27.000753,abbu,3
2025-11-08T10:47:27.132699,abbu,0
2025-11-08T10:47:27.896700,abbu,0
2025-11-08T10:47:28.600659,abbu,0
2025-11-08T10:47:28.733568,abbu,0
2025-11-28T21:00:16.962175,pranav,0
2025-11-28T21:00:17.349648,pranav,0
2025-11-28T21:00:17.495106,pranav,0
2025-11-28T21:00:22.156382,affan,1
2025-11-28T21:00:22.428016,affan,0
2025-11-28T21:00:22.703130,affan,0
2025-11-28T21:00:23.097048,affan,0
2025-11-28T21:00:23.352689,affan,0
2025-11-28T21:00:23.625914,affan,0
2025-11-28T21:00:23.844190,affan,0
2025-11-28T21:00:24.092270,affan,0
2025-11-28T21:00:24.306466,affan,0
2025-11-28T21:00:24.553952,affan,0
2025-11-28T21:00:26.367727,affan,0
2025-11-28T21:00:27.050855,affan,0
2025-11-28T21:00:27.324843,affan,0
2025-11-28T21:00:29.342002,affan,0
2025-11-28T21:00:36.481564,affan,6
2025-11-28T21:00:36.575697,affan,0
2025-11-28T21:00:44.925184,affan,5
2025-11-28T21:00:47.789892,affan,2
2025-11-28T21:00:47.933758,affan,0
2025-11-28T21:00:50.729076,affan,2
2025-11-28T21:00:50.955986,affan,0
2025-11-28T21:00:51.346454,affan,0
2025-11-28T21:00:51.468591,affan,0
2025-11-28T21:00:52.963073,affan,0
2025-11-28T21:00:53.676444,affan,0
2025-11-28T21:00:53.865806,affan,0
2025-11-28T21:00:54.210359,affan,0
2025-11-28T21:00:54.606067,affan,0
2025-11-28T21:00:54.821231,affan,0
2025-11-28T21:00:55.478361,affan,0
2025-11-28T21:00:56.764722,affan,0
2025-11-28T21:00:57.945000,affan,0
2025-11-28T21:01:03.818427,affan,3
2025-11-28T21:01:18.506101,affan,9
2025-11-28T21:01:18.851403,affan,0
2025-11-28T21:01:19.644556,affan,0
2025-11-28T21:01:20.144091,affan,0
2025-11-28T21:01:20.693802,affan,0
2025-11-28T21:01:20.938526,affan,0
2025-11-28T21:01:22.130440,affan,1
2025-11-28T21:01:22.770962,affan,0
2025-11-28T21:01:23.336375,affan,0
2025-11-28T21:01:23.762903,affan,0
2025-11-28T21:01:24.005726,affan,0
2025-11-28T21:01:24.178938,affan,0
2025-11-28T21:01:24.411959,affan,0
2025-11-28T21:01:24.919741,affan,0
2025-11-28T21:01:25.327631,affan,0
2025-11-28T21:01:25.934062,affan,0
2025-11-28T21:01:26.339068,affan,0
2025-11-28T21:01:26.466666,affan,0
2025-11-28T21:01:26.566577,affan,0
2025-11-28T21:01:26.874231,affan,0
2025-11-28T21:01:28.464769,affan,1
2025-11-28T21:01:30.320827,affan,1
2025-11-28T21:01:30.645059,affan,0
2025-11-28T21:01:30.864070,affan,0
2025-11-28T21:01:31.452079,affan,0
2025-11-28T21:01:31.591532,affan,0
2025-11-28T21:01:31.986144,affan,0
2025-11-28T21:01:32.133682,affan,0
2025-11-28T21:01:32.655035,affan,0
2025-11-28T21:01:33.513806,affan,0
2025-11-28T21:01:33.653299,affan,0
2025-11-28T21:01:33.860109,affan,0
2025-11-28T21:01:34.002945,affan,0
2025-11-28T21:01:34.862932,affan,0
2025-11-28T21:01:38.464077,affan,0
2025-11-28T21:01:52.689540,affan,2
2025-11-28T21:01:52.780071,pranav,0
